{"val_acc":29.801980198019802,"_timestamp":1.7422659238726256e+09,"_runtime":37364.568764782,"_step":54,"_wandb":{"runtime":37928},"train_loss":0.00015816185292793749,"train_acc":99.9973597359736,"val_loss":5.10201126638085}