{"val_acc":0.09272927292729272,"_timestamp":1.7422130639518178e+09,"_runtime":5312.78671419,"_step":9,"_wandb":{"runtime":5313},"train_loss":3.8047954907288424,"train_acc":0.047033585722595084,"val_loss":5.874924992070054}