{"train_acc":0.0015381853725865554,"val_loss":5.771672637553155,"_wandb":{"runtime":3954},"val_acc":0.0026970798345657353,"_timestamp":1.742200783084741e+09,"_runtime":3673.218465321,"_step":2,"train_loss":4.349684745878787}