{"val_loss":4.7121044650222315,"val_acc":0.24486448644864484,"_timestamp":1.742207365458771e+09,"_runtime":5541.706574705,"_step":9,"train_loss":2.306525788865648,"train_acc":0.1805782054673134,"_wandb":{"runtime":5542}}