{"_wandb":{"runtime":3568},"val_acc":0.002506579771901241,"_timestamp":1.7421970088916276e+09,"_runtime":3542.36889554,"_step":2,"train_loss":4.354553858439128,"train_acc":0.0013340190151427216,"val_loss":6.011963433857206}