{"val_loss":4.1015698620767305,"val_acc":7.4930693069306935,"_timestamp":1.742228336330059e+09,"_wandb":{"runtime":1358},"_runtime":1353.927245035,"_step":1,"train_loss":4.398169809096569,"train_acc":3.7214521452145215}